{"cameraMode":{"drawMode":0,"name":"Shaded","section":"Shading Mode"},"sceneLighting":false,"audioPlay":false,"sceneViewState":{"m_AlwaysRefresh":false,"showFog":true,"showSkybox":false,"showFlares":true,"showImageEffects":true,"showParticleSystems":true,"showVisualEffectGraphs":true,"m_FxEnabled":true},"in2DMode":false,"pivot":{"x":-1.2346525192260743,"y":9.636829376220704,"z":-0.4118680953979492},"rotation":{"x":-0.3397980034351349,"y":-0.09345179051160813,"z":0.033952027559280398,"w":-0.9352328181266785},"size":15.658720970153809,"orthographic":false}